Workbook

Sheet Tong quan
B2: THIẾT KẾ DATABASE MỚI — APP CHẤM ĐIỂM / KIỂM TRA POP & VMD
B5: Module | C5: Số bảng | D5: Bảng chính (Master) | E5: Mục đích nghiệp vụ | F5: Vấn đề chính của app cũ đã fix trong thiết kế mới
B6: Hệ thống / Dùng chung | C6: 9 | D6: NGUOI_DUNG | E6: Xác thực, phân quyền, danh mục quầy hàng/vai trò, menu, config module | F6: Gộp 37 roles + 5 cột phân quyền rời rạc (WORK) thành bảng join chuẩn hóa; tách Email/Role vào THONG_TIN_QUAY_HANG để xoá 30+ If-case hardcode
B7: Trang chủ | C7: 1 | D7: DANH_MUC_MENU_TRANG_CHU | E7: Cấu hình menu điều hướng trang chủ | F7: Giữ nguyên pattern config-table (đã tốt ở bản cũ)
B8: Công việc hàng ngày | C8: 2 | D8: DANH_MUC_CONG_VIEC | E8: Danh sách module công việc + phân quyền hiển thị theo ngành hàng | F8: Chuẩn hoá 5 cột 'Phân quyền 1-5' (có lỗi chính tả) thành 1 bảng join CONG_VIEC_PHAN_QUYEN nhiều dòng
B9: POP | C9: 4 | D9: CHAM_DIEM_POP | E9: Chấm điểm & theo dõi lỗi trưng bày POP/POS theo quầy hàng | F9: Bỏ 35 If-case Role→Quầy hàng (dùng THONG_TIN_QUAY_HANG.VaiTroMacDinh); thêm cột Điểm vào danh mục lỗi; RemoveIf thay Remove+LookUp để cascade delete đúng
B10: VMD | C10: 6 | D10: KIEM_TRA_VMD, CHAM_DIEM_VMD | E10: Kiểm tra & chấm điểm trưng bày Visual Merchandising theo 6 khu vực (VP/Bàn/Cột/Gondola/Sào/Vách) | F10: Gộp 6 bảng khu vực trùng cấu trúc (Kiểm tra VP/Bàn/Cột/Gondola/Sào/Vách và 6 bảng lỗi tương ứng) thành 2 bảng chi tiết dùng cột Khu vực; gộp 'Thông tin quầy kids' vào THONG_TIN_QUAY_HANG_VMD
B11: Mượn - Trả vật tư | C11: 3 | D11: PHIEU_MUON_TRA | E11: Quản lý phiếu mượn/trả vật tư trưng bày, ký nhận điện tử | F11: Thống nhất Tên đơn hàng dùng Lookup ở cả 2 form (thêm mới & chỉnh sửa) thay vì TextInput/Dropdown khác nhau
B12: Quản lý trang trí | C12: 1 | D12: PHIEU_TRANG_TRI | E12: Quản lý phiếu bàn giao công tác trang trí (bản sao nghiệp vụ của Mượn-Trả) | F12: Tách bảng riêng nhưng field/kiểu dữ liệu đồng bộ với PHIEU_MUON_TRA; xoá lệ thuộc DataSourceInfo() trỏ sai vào 'Ký nhận bàn giao'
B13: Báo cáo | C13: 2 | D13: DANH_MUC_BAO_CAO | E13: Cấu hình module báo cáo POP/VMD + phân quyền xem báo cáo | F13: Chuẩn hoá cột phân quyền như module Công việc hàng ngày
B16: Ghi chú:
B17: - Tổng cộng 23 bảng (SharePoint List) trong thiết kế mới, giảm từ ~34 bảng vật lý ở app cũ (do gộp 12 bảng khu vực VMD trùng cấu trúc).
B18: - Chi tiết field: xem sheet 'Chi tiet Field'. Danh sách bảng: xem sheet 'Danh sach Bang'. Quan hệ khóa ngoại: xem sheet 'Quan he'.
B19: - Các điểm cần khách hàng xác nhận trước khi triển khai: xem sheet 'Van de can lam ro'.

Sheet Danh sach Bang
A1: STT | B1: Tên bảng (mới) | C1: Tên bảng / List gốc (SharePoint cũ) | D1: Module | E1: Loại bảng | F1: Mô tả bảng | G1: Số field
A2: 1 | B2: NGUOI_DUNG | C2: USER | D2: Hệ thống / Dùng chung | E2: Master | F2: Tài khoản người dùng, thông tin đăng nhập và phân quyền. | G2: =COUNTIF('Chi tiet Field'!$B$2:$B$1000,B2) -> 10
A3: 2 | B3: DANH_MUC_VAI_TRO | C3: (mới - suy ra từ 37 roles hardcode) | D3: Hệ thống / Dùng chung | E3: Danh mục | F3: Danh mục 37 vai trò công việc (GL Ladies, Staff SPA...) và nhóm quyền tương ứng. | G3: =COUNTIF('Chi tiet Field'!$B$2:$B$1000,B3) -> 4
A4: 3 | B4: THONG_TIN_QUAY_HANG | C4: THÔNG TIN QUẦY HÀNG | D4: Hệ thống / Dùng chung | E4: Danh mục | F4: Danh mục Ngành hàng → Quầy hàng dùng chung cho POP, Mượn-Trả, Quản lý trang trí; mở rộng thêm Email & Vai trò mặc định. | G4: =COUNTIF('Chi tiet Field'!$B$2:$B$1000,B4) -> 6
A5: 4 | B5: THONG_TIN_QUAY_HANG_VMD | C5: THÔNG TIN QUẦY HÀNG VMD + Thông tin quầy kids | D5: Hệ thống / Dùng chung | E5: Danh mục | F5: Danh mục Ngành hàng → Quầy hàng riêng cho VMD (chỉ Softline/Hardline + Kids), gộp bảng Kids riêng biệt của app cũ. | G5: =COUNTIF('Chi tiet Field'!$B$2:$B$1000,B5) -> 6
A6: 5 | B6: DANH_MUC_MENU_TRANG_CHU | C6: HOME | D6: Trang chủ | E6: Danh mục | F6: Cấu hình các mục menu hiển thị trên màn hình Trang chủ. | G6: =COUNTIF('Chi tiet Field'!$B$2:$B$1000,B6) -> 5
A7: 6 | B7: DANH_MUC_CONG_VIEC | C7: WORK | D7: Công việc hàng ngày | E7: Danh mục | F7: Danh mục các module công việc hàng ngày (Chấm điểm POP, Kiểm tra VMD, Mượn-Trả...). | G7: =COUNTIF('Chi tiet Field'!$B$2:$B$1000,B7) -> 5
A8: 7 | B8: CONG_VIEC_PHAN_QUYEN | C8: WORK.'Phân quyền 1-5' (5 cột) | D8: Công việc hàng ngày | E8: Bảng liên kết (join) | F8: Phân quyền hiển thị module công việc theo nhóm ngành hàng — thay thế 5 cột rời rạc bằng nhiều dòng dữ liệu. | G8: =COUNTIF('Chi tiet Field'!$B$2:$B$1000,B8) -> 3
A9: 8 | B9: DANH_MUC_BAO_CAO | C9: Báo cáo POPVMD | D9: Báo cáo | E9: Danh mục | F9: Danh mục các module báo cáo (Báo cáo kiểm tra POP, chấm điểm POP, kiểm tra VMD...). | G9: =COUNTIF('Chi tiet Field'!$B$2:$B$1000,B9) -> 4
A10: 9 | B10: BAO_CAO_PHAN_QUYEN | C10: Báo cáo POPVMD.'Phân quyền 1-5' | D10: Báo cáo | E10: Bảng liên kết (join) | F10: Phân quyền xem từng module báo cáo theo nhóm ngành hàng. | G10: =COUNTIF('Chi tiet Field'!$B$2:$B$1000,B10) -> 3
A11: 10 | B11: CHAM_DIEM_POP | C11: CHẤM ĐIỂM POP | D11: POP | E11: Master | F11: Phiên chấm điểm trưng bày POP/POS tại một quầy hàng, tại một thời điểm. | G11: =COUNTIF('Chi tiet Field'!$B$2:$B$1000,B11) -> 8
A12: 11 | B12: LOI_TRUNG_BAY_POP | C12: LỖI TRƯNG BÀY POP | D12: POP | E12: Chi tiết (child) | F12: Từng lỗi trưng bày cụ thể ghi nhận trong một phiên chấm điểm POP (1 phiên có N lỗi). | G12: =COUNTIF('Chi tiet Field'!$B$2:$B$1000,B12) -> 12
A13: 12 | B13: DANH_MUC_LOI_POP | C13: Thông tin lỗi POP | D13: POP | E13: Danh mục | F13: Danh mục loại lỗi vi phạm trưng bày POP kèm điểm phạt chuẩn. | G13: =COUNTIF('Chi tiet Field'!$B$2:$B$1000,B13) -> 3
... A24: 23 | B24: PHIEU_TRANG_TRI | C24: Quản lý trang trí_1 | D24: Quản lý trang trí | E24: Master | F24: Phiếu bàn giao công tác trang trí quầy hàng (cấu trúc tương tự Mượn-Trả). | G24: =COUNTIF('Chi tiet Field'!$B$2:$B$1000,B24) -> 14

Sheet Chi tiet Field
A1: STT | B1: Tên bảng | C1: Tên field | D1: Khóa | E1: Kiểu dữ liệu (SharePoint) | F1: Bắt buộc | G1: Mô tả field | H1: Ghi chú / Đề xuất fix
A2: 1 | B2: NGUOI_DUNG | C2: ID | D2: PK | E2: Số (Number) | F2: Có | G2: Khóa chính, SharePoint ID tự sinh.
A3: 2 | B3: NGUOI_DUNG | C3: Username | E3: Văn bản một dòng | F3: Có | G3: Tên đăng nhập dùng để xác thực (unique).
A4: 3 | B4: NGUOI_DUNG | C4: Password | E4: Văn bản một dòng | F4: Có | G4: Mật khẩu. | H4: Bảo mật yếu (plain text) ở app cũ — đề xuất chuyển sang Azure AD/Entra ID khi rebuild.
A5: 4 | B5: NGUOI_DUNG | C5: HoTen | E5: Văn bản một dòng | F5: Có | G5: Họ tên hiển thị (Fullname).
A6: 5 | B6: NGUOI_DUNG | C6: VaiTro | D6: FK → DANH_MUC_VAI_TRO | E6: Tra cứu (Lookup) | F6: Có | G6: Vai trò công việc của user (VD: GL Ladies, Staff SPA...). | H6: - Lớp phân quyền data
A7: 6 | B7: NGUOI_DUNG | C7: PhanQuyen | E7: Lựa chọn (Choice): SPA / Ngành hàng / Test | F7: Có | G7: Nhóm quyền cấp cao dùng để bật/tắt chức năng (Disabled/Edit) trên các màn hình.
A8: 7 | B8: NGUOI_DUNG | C8: NhomNganhHang | E8: Lựa chọn (Choice): FOODLINE 1 / FOODLINE 2 / SOFTLINE / HARDLINE / SM / SPA | F8: Không | G8: Biến usernh cũ — nhóm ngành hàng cấp cao dùng filter module & báo cáo. | H8: - Xem menu nào
A9: 8 | B9: NGUOI_DUNG | C9: QuayHangMacDinh | D9: FK → THONG_TIN_QUAY_HANG | E9: Tra cứu (Lookup) | F9: Không | G9: Quầy hàng mặc định của user. | H9: Mới — thay thế 18-35 If-case hardcode Role→Quầy hàng trong code cũ.
A10: 9 | B10: NGUOI_DUNG | C10: HinhAnh | E10: Hình ảnh | F10: Không | G10: Ảnh đại diện người dùng.
A11: 10 | B11: NGUOI_DUNG | C11: TrangThai | E11: Có/Không (Yes/No) | F11: Có | G11: Tài khoản còn hoạt động hay không. | H11: Mới — phục vụ quản lý tài khoản, app cũ không có.
A12: 11 | B12: DANH_MUC_VAI_TRO | C12: ID | D12: PK | E12: Số (Number) | F12: Có | G12: Khóa chính.
A13: 12 | B13: DANH_MUC_VAI_TRO | C13: TenVaiTro | E13: Văn bản một dòng | F13: Có | G13: Tên vai trò (VD: GL Ladies, Staff SPA, GL SPA...) — 37 giá trị ở app cũ, unique.
A14: 13 | B14: DANH_MUC_VAI_TRO | C14: NhomVaiTro | E14: Lựa chọn (Choice): SPA / Food / Softline / Hardline / Group / Dev | F14: Có | G14: Nhóm lớn của vai trò dùng để phân loại quyền truy cập theo module (VMD chỉ áp dụng Softline/Hardline).
A15: 14 | B15: DANH_MUC_VAI_TRO | C15: PhanQuyenMacDinh | E15: Lựa chọn (Choice): SPA / Ngành hàng / Test | F15: Không | G15: Permission mặc định gán cho vai trò này khi tạo user mới.
A16: 15 | B16: THONG_TIN_QUAY_HANG | C16: ID | D16: PK | E16: Số (Number) | F16: Có | G16: Khóa chính.
A17: 16 | B17: THONG_TIN_QUAY_HANG | C17: NganhHang | E17: Văn bản một dòng / Lựa chọn | F17: Có | G17: Tên ngành hàng (VD: Ladies, Fish, Household 2F...).
A18: 17 | B18: THONG_TIN_QUAY_HANG | C18: QuayHang | E18: Văn bản một dòng | F18: Có | G18: Tên quầy hàng cụ thể (unique) — dùng cho cascading dropdown Ngành hàng→Quầy hàng.
A19: 18 | B19: THONG_TIN_QUAY_HANG | C19: VaiTroMacDinh | D19: FK → DANH_MUC_VAI_TRO | E19: Tra cứu (Lookup) | F19: Không | G19: Vai trò tương ứng quầy hàng này. | H19: Mới — thay thế 35 If-case mapping Role→Quầy hàng trong màn 'Chấm điểm POP'.
A20: 19 | B20: THONG_TIN_QUAY_HANG | C20: Email | E20: Văn bản một dòng | F20: Không | G20: Email nhận thông báo khi có lỗi trưng bày mới. | H20: Mới — thay thế 30 If-case hardcode email trong 'Gửi thông báo'. Cần xác nhận case Sport=Inner, Stationery=Multimedia có đúng nghiệp vụ hay là bug (xem Van de can lam ro).
A21: 20 | B21: THONG_TIN_QUAY_HANG | C21: GhiChu | E21: Văn bản nhiều dòng | F21: Không | G21: Ghi chú thêm.
A22: 21 | B22: THONG_TIN_QUAY_HANG_VMD | C22: ID | D22: PK | E22: Số (Number) | F22: Có | G22: Khóa chính.
A23: 22 | B23: THONG_TIN_QUAY_HANG_VMD | C23: NganhHang | E23: Văn bản một dòng | F23: Có | G23: Tên ngành hàng (chỉ Softline/Hardline).
A24: 23 | B24: THONG_TIN_QUAY_HANG_VMD | C24: QuayHang | E24: Văn bản một dòng | F24: Có | G24: Tên quầy hàng cụ thể (unique).
A25: 24 | B25: THONG_TIN_QUAY_HANG_VMD | C25: VaiTroMacDinh | D25: FK → DANH_MUC_VAI_TRO | E25: Tra cứu (Lookup) | F25: Không | G25: Vai trò tương ứng quầy hàng này. | H25: Thay thế 18 If-case hardcode Role→Quầy hàng trong màn VMD.
A26: 25 | B26: THONG_TIN_QUAY_HANG_VMD | C26: Email | E26: Văn bản một dòng | F26: Không | G26: Email nhận thông báo lỗi VMD. | H26: Mới — thay 17 If-case hardcode email.
A27: 26 | F27: Có | G27: Phân biệt quầy hàng thường và quầy Kids. | H27: Gộp bảng 'Thông tin quầy kids' riêng biệt (dành cho user '1004.dlkids') vào bảng này để tránh duplicate cấu trúc.
A28: 27 | B28: THONG_TIN_QUAY_HANG_VMD | C28: GhiChu | E28: Văn bản nhiều dòng | F28: Không | G28: Ghi chú thêm.
A29: 28 | B29: DANH_MUC_MENU_TRANG_CHU | C29: ID | D29: PK | E29: Số (Number) | F29: Có | G29: Khóa chính.
A30: 29 | B30: DANH_MUC_MENU_TRANG_CHU | C30: TenMenu | E30: Văn bản một dòng | F30: Có | G30: Tên mục menu hiển thị ở Trang chủ (Name Group).
A31: 30 | B31: DANH_MUC_MENU_TRANG_CHU | C31: HinhAnh | E31: Hình ảnh | F31: Không | G31: Icon hiển thị trong gallery.
A32: 31 | B32: DANH_MUC_MENU_TRANG_CHU | C32: ManHinhDich | E32: Văn bản một dòng | F32: Có | G32: Tên màn hình điều hướng đến khi chọn menu này. | H32: Mới — làm rõ mục tiêu Navigate, tránh phải sửa code khi đổi luồng.
A33: 32 | B33: DANH_MUC_MENU_TRANG_CHU | C33: ThuTu | E33: Số (Number) | F33: Không | G33: Thứ tự hiển thị trong gallery.
A34: 33 | B34: DANH_MUC_CONG_VIEC | C34: ID | D34: PK | E34: Số (Number) | F34: Có | G34: Khóa chính.
A35: 34 | B35: DANH_MUC_CONG_VIEC | C35: TenModule | E35: Văn bản một dòng | F35: Có | G35: Tên module công việc (VD: Chấm điểm POP, Kiểm tra VMD, Mượn-Trả vật tư...).
A36: 35 | B36: DANH_MUC_CONG_VIEC | C36: HinhAnh | E36: Hình ảnh | F36: Không | G36: Icon hiển thị.
A37: 36 | B37: DANH_MUC_CONG_VIEC | C37: ManHinhDich | E37: Văn bản một dòng | F37: Có | G37: Tên màn hình điều hướng đến.
A38: 37 | B38: DANH_MUC_CONG_VIEC | C38: ThuTu | E38: Số (Number) | F38: Không | G38: Thứ tự hiển thị.
A39: 38 | B39: CONG_VIEC_PHAN_QUYEN | C39: ID | D39: PK | E39: Số (Number) | F39: Có | G39: Khóa chính.
A40: 39 | B40: CONG_VIEC_PHAN_QUYEN | C40: ModuleID | D40: FK → DANH_MUC_CONG_VIEC | E40: Tra cứu (Lookup) | F40: Có | G40: Module công việc được cấp quyền xem.
A41: 40 | B41: CONG_VIEC_PHAN_QUYEN | C41: NhomQuyen | E41: Lựa chọn (Choice): FOODLINE 1 / FOODLINE 2 / SOFTLINE / HARDLINE / SM / SPA | F41: Có | G41: Nhóm ngành hàng được phép nhìn thấy module này. | H41: Thay thế 5 cột rời rạc 'Phân quyền 1-5' (có 1 cột bị lỗi chính tả 'Phần quyền 3') — mỗi quyền là 1 dòng, dễ mở rộng.
A42: 41 | B42: DANH_MUC_BAO_CAO | C42: ID | D42: PK | E42: Số (Number) | F42: Có | G42: Khóa chính.
A43: 42 | B43: DANH_MUC_BAO_CAO | C43: TenModuleBaoCao | E43: Văn bản một dòng | F43: Có | G43: Tên module báo cáo (Báo cáo kiểm tra POP, Báo cáo chấm điểm POP, Báo cáo kiểm tra VMD...).
A44: 43 | B44: DANH_MUC_BAO_CAO | C44: HinhAnh | E44: Hình ảnh | F44: Không | G44: Icon hiển thị.
A45: 44 | B45: DANH_MUC_BAO_CAO | C45: ManHinhDich | E45: Văn bản một dòng | F45: Có | G45: Tên màn hình báo cáo điều hướng đến.
A46: 45 | B46: BAO_CAO_PHAN_QUYEN | C46: ID | D46: PK | E46: Số (Number) | F46: Có | G46: Khóa chính.
A47: 46 | B47: BAO_CAO_PHAN_QUYEN | C47: BaoCaoID | D47: FK → DANH_MUC_BAO_CAO | E47: Tra cứu (Lookup) | F47: Có | G47: Module báo cáo được cấp quyền xem.
A48: 47 | B48: BAO_CAO_PHAN_QUYEN | C48: NhomQuyen | E48: Lựa chọn (Choice): FOODLINE 1 / FOODLINE 2 / SOFTLINE / HARDLINE / SM,SPA | F48: Có | G48: Nhóm ngành hàng được phép xem báo cáo này. | H48: Thay thế 5 cột 'Phân quyền 1-5' của bảng 'Báo cáo POPVMD' cũ.
A49: 48 | B49: CHAM_DIEM_POP | C49: ID | D49: PK | E49: Số (Number) | F49: Có | G49: Khóa chính.
A50: 49 | B50: CHAM_DIEM_POP | C50: NguoiDungID | D50: FK → NGUOI_DUNG | E50: Tra cứu (Lookup) | F50: Không | G50: Người thực hiện chấm điểm. | H50: Mới — thay vì chỉ lưu tên text 'Người kiểm tra', liên kết trực tiếp tới NGUOI_DUNG để truy vết & báo cáo chính xác.
A51: 50 | B51: CHAM_DIEM_POP | C51: NguoiKiemTra | E51: Văn bản một dòng | F51: Có | G51: Tên người kiểm tra (auto-fill từ tài khoản đăng nhập).
A52: 51 | B52: CHAM_DIEM_POP | C52: NganhHang | E52: Văn bản một dòng | F52: Có | G52: Ngành hàng của quầy được chấm điểm.
A53: 52 | B53: CHAM_DIEM_POP | C53: QuayHang | D53: FK → THONG_TIN_QUAY_HANG | E53: Tra cứu (Lookup) | F53: Có | G53: Quầy hàng được chấm điểm.
A54: 53 | B54: CHAM_DIEM_POP | C54: KetQuaKiemTra | E54: Lựa chọn (Choice): Đạt / Không đạt | F54: Có | G54: Kết quả chấm điểm tổng quan của phiên.
A55: 54 | B55: CHAM_DIEM_POP | C55: Thang | E55: Văn bản một dòng | F55: Không | G55: Tháng thực hiện, dạng 'Tháng 01'...'Tháng 12'. | H55: Đề xuất bỏ, thay bằng công thức tính từ Created (app cũ dùng If-chain 12 case dư thừa để tạo giá trị này).
A56: 55 | B56: CHAM_DIEM_POP | C56: Created | E56: Ngày và giờ (Date and Time) | F56: Có | G56: Ngày giờ tạo phiên chấm điểm (tự sinh).
A57: 56 | B57: LOI_TRUNG_BAY_POP | C57: ID | D57: PK | E57: Số (Number) | F57: Có | G57: Khóa chính.
A58: 57 | B58: LOI_TRUNG_BAY_POP | C58: RefID | D58: FK → CHAM_DIEM_POP | E58: Tra cứu (Lookup) | F58: Có | G58: Phiên chấm điểm cha (quan hệ 1-N).
A59: 58 | B59: LOI_TRUNG_BAY_POP | C59: LoiViPham | D59: FK → DANH_MUC_LOI_POP | E59: Tra cứu (Lookup) | F59: Có | G59: Loại lỗi vi phạm trưng bày.
A60: 59 | B60: LOI_TRUNG_BAY_POP | C60: Diem | E60: Số (Number) | F60: Có | G60: Điểm phạt cho lỗi này. | H60: Mới — auto-fill từ DANH_MUC_LOI_POP.Diem thay vì hardcode trong form (app cũ: điểm không được lưu, chỉ tính client-side).
A61: 60 | B61: LOI_TRUNG_BAY_POP | C61: HinhAnhLoi | E61: Hình ảnh | F61: Có | G61: Ảnh chụp lỗi trước khi sửa.
A62: 61 | B62: LOI_TRUNG_BAY_POP | C62: HinhAnhSuaLoi | E62: Hình ảnh | F62: Không | G62: Ảnh chụp sau khi GL ngành hàng đã sửa lỗi.
A63: 62 | B63: LOI_TRUNG_BAY_POP | C63: GhiChu | E63: Văn bản nhiều dòng | F63: Không | G63: Ghi chú của người chấm điểm.
A64: 63 | B64: LOI_TRUNG_BAY_POP | C64: PhanHoiThongTin | E64: Văn bản nhiều dòng | F64: Không | G64: Nội dung phản hồi của GL ngành hàng sau khi sửa lỗi.
A65: 64 | B65: LOI_TRUNG_BAY_POP | C65: NganhHang | E65: Văn bản một dòng | F65: Không | G65: Sao chép từ CHAM_DIEM_POP để tăng tốc filter/báo cáo (denormalized).
A66: 65 | B66: LOI_TRUNG_BAY_POP | C66: QuayHang | E66: Văn bản một dòng | F66: Không | G66: Sao chép từ CHAM_DIEM_POP để tăng tốc filter/báo cáo (denormalized).
A67: 66 | B67: LOI_TRUNG_BAY_POP | C67: Thang | E67: Văn bản một dòng | F67: Không | G67: Sao chép từ CHAM_DIEM_POP.
A68: 67 | B68: LOI_TRUNG_BAY_POP | C68: Created | E68: Ngày và giờ (Date and Time) | F68: Có | G68: Ngày giờ ghi nhận lỗi (tự sinh).
A69: 68 | B69: DANH_MUC_LOI_POP | C69: ID | D69: PK | E69: Số (Number) | F69: Có | G69: Khóa chính.
A70: 69 | B70: DANH_MUC_LOI_POP | C70: LoiViPham | E70: Văn bản một dòng | F70: Có | G70: Mô tả loại lỗi vi phạm trưng bày (unique), VD: 'POP/POS hết hạn'.
A71: 70 | B71: DANH_MUC_LOI_POP | C71: Diem | E71: Số (Number) | F71: Có | G71: Điểm phạt chuẩn tương ứng loại lỗi (VD: 5, 10, 20). | H71: Mới — app cũ không có cột này trong danh mục, điểm bị hardcode rải rác trong code màn hình.
A72: 71 | B72: KIEM_TRA_TRUNG_BAY_POP | C72: ID | D72: PK | E72: Số (Number) | F72: Có | G72: Khóa chính.
A73: 72 | B73: KIEM_TRA_TRUNG_BAY_POP | C73: RefID | D73: FK → CHAM_DIEM_POP (cần xác nhận) | E73: Tra cứu (Lookup) | F73: Không | G73: Liên kết tới phiên chấm điểm POP. | H73: Tài liệu gốc chưa xác định rõ đây là view/báo cáo của LOI_TRUNG_BAY_POP hay 1 luồng 'Kiểm tra POP' độc lập chưa phân tích đủ màn hình — xem Van de can lam ro #1.
A74: 73 | B74: KIEM_TRA_TRUNG_BAY_POP | C74: NganhHang | E74: Lựa chọn (Choice) | F74: Không | G74: Ngành hàng.
A75: 74 | B75: KIEM_TRA_TRUNG_BAY_POP | C75: QuayHang | E75: Văn bản một dòng | F75: Không | G75: Quầy hàng.
A76: 75 | B76: KIEM_TRA_TRUNG_BAY_POP | C76: KetQuaKiemTra | E76: Lựa chọn (Choice): Đạt / Không đạt | F76: Không | G76: Kết quả kiểm tra.
A77: 76 | B77: KIEM_TRA_TRUNG_BAY_POP | C77: LoiTrungBay | E77: Văn bản một dòng | F77: Không | G77: Mô tả lỗi trưng bày (nếu có).
A78: 77 | B78: KIEM_TRA_TRUNG_BAY_POP | C78: GhiChu | E78: Văn bản nhiều dòng | F78: Không | G78: Ghi chú.
A79: 78 | B79: KIEM_TRA_TRUNG_BAY_POP | C79: PhanHoiThongTin | E79: Văn bản nhiều dòng | F79: Không | G79: Phản hồi xử lý.
A80: 79 | B80: KIEM_TRA_TRUNG_BAY_POP | C80: Thang | E80: Văn bản một dòng | F80: Không | G80: Tháng ghi nhận.
A81: 80 | B81: KIEM_TRA_TRUNG_BAY_POP | C81: Created | E81: Ngày và giờ (Date and Time) | F81: Có | G81: Ngày giờ tạo (tự sinh).
A82: 81 | B82: KIEM_TRA_VMD | C82: ID | D82: PK | E82: Số (Number) | F82: Có | G82: Khóa chính.
A83: 82 | B83: KIEM_TRA_VMD | C83: NguoiDungID | D83: FK → NGUOI_DUNG | E83: Tra cứu (Lookup) | F83: Không | G83: Người thực hiện kiểm tra. | H83: Mới, thay cho lưu Mã người dùng dạng Number rời rạc.
A84: 83 | B84: KIEM_TRA_VMD | C84: NguoiKiemTra | E84: Văn bản một dòng | F84: Có | G84: Tên người kiểm tra (auto-fill).
A85: 84 | B85: KIEM_TRA_VMD | C85: NganhHang | D85: FK → THONG_TIN_QUAY_HANG_VMD | E85: Tra cứu (Lookup) | F85: Có | G85: Ngành hàng (auto theo user, trừ DL Kids có thể tự chọn).
A86: 85 | B86: KIEM_TRA_VMD | C86: QuayHang | D86: FK → THONG_TIN_QUAY_HANG_VMD | E86: Tra cứu (Lookup) | F86: Có | G86: Quầy hàng được kiểm tra.
A87: 86 | B87: KIEM_TRA_VMD | C87: Thang | E87: Văn bản một dòng | F87: Không | G87: Tháng thực hiện. | H87: Đề xuất bỏ, tính từ Created.
A88: 87 | B88: KIEM_TRA_VMD | C88: Created | E88: Ngày và giờ (Date and Time) | F88: Có | G88: Ngày giờ tạo phiên kiểm tra (tự sinh).
A89: 88 | B89: KIEM_TRA_VMD_CHI_TIET | C89: ID | D89: PK | E89: Số (Number) | F89: Có | G89: Khóa chính.
A90: 89 | B90: KIEM_TRA_VMD_CHI_TIET | C90: RefID | D90: FK → KIEM_TRA_VMD | E90: Tra cứu (Lookup) | F90: Có | G90: Phiên kiểm tra VMD cha (1 phiên có tối đa 6 dòng, mỗi dòng 1 khu vực).
A91: 90 | B91: KIEM_TRA_VMD_CHI_TIET | C91: KhuVuc | E91: Lựa chọn (Choice): VP / Bàn / Cột / Gondola / Sào / Vách | F91: Có | G91: Khu vực trưng bày được kiểm tra. | H91: Mới — gộp 6 SharePoint List trùng cấu trúc (Kiểm tra VP/Bàn/Cột/Gondola/Sào/Vách) của app cũ thành 1 bảng dùng cột phân loại này, giảm 6 bảng còn 1.
A92: 91 | B92: KIEM_TRA_VMD_CHI_TIET | C92: KetQua | D92: FK → DANH_MUC_LOI_KIEM_TRA_VMD | E92: Tra cứu (Lookup) | F92: Có | G92: Mô tả kết quả/lỗi khu vực (lấy từ danh mục lỗi theo Khu vực).
A93: 92 | B93: KIEM_TRA_VMD_CHI_TIET | C93: TenNguoiKiemTra | E93: Văn bản một dòng | F93: Không | G93: Tên người kiểm tra khu vực (Inspector).
A94: 93 | B94: KIEM_TRA_VMD_CHI_TIET | C94: HinhAnh | E94: Hình ảnh | F94: Không | G94: Ảnh chụp lỗi ban đầu.
A95: 94 | B95: KIEM_TRA_VMD_CHI_TIET | C95: HinhSuaLoi | E95: Hình ảnh | F95: Không | G95: Ảnh sau khi Counter Manager sửa lỗi (feedback loop).
A96: 95 | B96: KIEM_TRA_VMD_CHI_TIET | C96: TenNguoiPhanHoi | E96: Văn bản một dòng | F96: Không | G96: Tên người phản hồi/sửa lỗi.
A97: 96 | B97: KIEM_TRA_VMD_CHI_TIET | C97: PhanHoiThongTin | E97: Văn bản nhiều dòng | F97: Không | G97: Nội dung phản hồi xử lý lỗi.
A98: 97 | B98: KIEM_TRA_VMD_CHI_TIET | C98: GhiChu | E98: Văn bản nhiều dòng | F98: Không | G98: Ghi chú của người kiểm tra.
A99: 98 | B99: KIEM_TRA_VMD_CHI_TIET | C99: NganhHang | E99: Văn bản một dòng | F99: Không | G99: Sao chép từ KIEM_TRA_VMD (denormalized, phục vụ filter nhanh).
A100: 99 | B100: KIEM_TRA_VMD_CHI_TIET | C100: QuayHang | E100: Văn bản một dòng | F100: Không | G100: Sao chép từ KIEM_TRA_VMD (denormalized).
...

Sheet Quan he
A1: Bảng (N / con) | B1: Field khóa ngoại | C1: Bảng tham chiếu (1 / cha) | D1: Loại quan hệ | E1: Ghi chú
A2: NGUOI_DUNG | B2: VaiTro | C2: DANH_MUC_VAI_TRO | D2: N-1
A3: NGUOI_DUNG | B3: QuayHangMacDinh | C3: THONG_TIN_QUAY_HANG | D3: N-1 | E3: Tùy chọn
A4: THONG_TIN_QUAY_HANG | B4: VaiTroMacDinh | C4: DANH_MUC_VAI_TRO | D4: N-1
A5: THONG_TIN_QUAY_HANG_VMD | B5: VaiTroMacDinh | C5: DANH_MUC_VAI_TRO | D5: N-1
A6: CONG_VIEC_PHAN_QUYEN | B6: ModuleID | C6: DANH_MUC_CONG_VIEC | D6: N-1 | E6: Chuẩn hóa 5 cột Phân quyền 1-5 cũ
A7: BAO_CAO_PHAN_QUYEN | B7: BaoCaoID | C7: DANH_MUC_BAO_CAO | D7: N-1 | E7: Chuẩn hóa 5 cột Phân quyền 1-5 cũ
A8: CHAM_DIEM_POP | B8: QuayHang | C8: THONG_TIN_QUAY_HANG | D8: N-1
A9: CHAM_DIEM_POP | B9: NguoiDungID | C9: NGUOI_DUNG | D9: N-1
A10: LOI_TRUNG_BAY_POP | B10: RefID | C10: CHAM_DIEM_POP | D10: N-1 (1 phiên - N lỗi) | E10: Cascade delete: xóa CHAM_DIEM_POP phải RemoveIf toàn bộ LOI_TRUNG_BAY_POP liên quan (bug ở app cũ chỉ xóa 1 dòng)
A11: LOI_TRUNG_BAY_POP | B11: LoiViPham | C11: DANH_MUC_LOI_POP | D11: N-1
A12: KIEM_TRA_VMD | B12: QuayHang | C12: THONG_TIN_QUAY_HANG_VMD | D12: N-1
A13: KIEM_TRA_VMD | B13: NguoiDungID | C13: NGUOI_DUNG | D13: N-1
A14: KIEM_TRA_VMD_CHI_TIET | B14: RefID | C14: KIEM_TRA_VMD | D14: N-1 (1 phiên - tối đa 6 khu vực) | E14: Cascade delete RemoveIf khi xóa phiên kiểm tra cha
A15: KIEM_TRA_VMD_CHI_TIET | B15: KetQua | C15: DANH_MUC_LOI_KIEM_TRA_VMD | D15: N-1 | E15: Lọc theo KhuVuc tương ứng
A16: CHAM_DIEM_VMD | B16: QuayHang | C16: THONG_TIN_QUAY_HANG_VMD | D16: N-1
A17: CHAM_DIEM_VMD | B17: NguoiDungID | C17: NGUOI_DUNG | D17: N-1
A18: CHAM_DIEM_VMD_CHI_TIET | B18: RefID | C18: CHAM_DIEM_VMD | D18: N-1 (1 phiên - tối đa 6 khu vực) | E18: Cascade delete RemoveIf khi xóa phiên chấm điểm cha
A19: CHAM_DIEM_VMD_CHI_TIET | B19: LoiTrungBay | C19: DANH_MUC_LOI_CHAM_DIEM_VMD | D19: N-1 | E19: Lọc theo KhuVuc + NhomQuayHang tương ứng
A20: PHIEU_MUON_TRA | B20: QuayHang | C20: THONG_TIN_QUAY_HANG | D20: N-1
A21: PHIEU_MUON_TRA | B21: TenDonHang | C21: DANH_MUC_TEN_DON_HANG | D21: N-1
A22: PHIEU_MUON_TRA | B22: NguoiDungID | C22: NGUOI_DUNG | D22: N-1
A23: PHIEU_TRANG_TRI | B23: QuayHang | C23: THONG_TIN_QUAY_HANG | D23: N-1
A24: PHIEU_TRANG_TRI | B24: NguoiDungID | C24: NGUOI_DUNG | D24: N-1

Sheet Van de can lam ro
A1: # | B1: Vấn đề / Câu hỏi cần khách hàng xác nhận | C1: Ảnh hưởng đến bảng nào
A2: 1 | B2: Bảng 'KIỂM TRA TRƯNG BÀY POP' dùng trong màn hình Báo cáo kiểm tra POP có phải cùng dữ liệu với LỖI TRƯNG BÀY POP, hay là một luồng nghiệp vụ 'Kiểm tra POP' hoàn toàn riêng (chưa có màn hình được phân tích/upload)? Cần bổ sung YAML/JSON các màn hình liên quan nếu có. | C2: KIEM_TRA_TRUNG_BAY_POP
A3: 2 | B3: Có giữ mật khẩu trong bảng người dùng (Password dạng văn bản) hay chuyển sang xác thực Azure AD / Microsoft Entra ID khi rebuild? Quyết định này ảnh hưởng lớn tới thiết kế bảng NGUOI_DUNG và cơ chế đăng nhập. | C3: NGUOI_DUNG
A4: 3 | B4: Trường 'Tháng' (dạng text 'Tháng 01'...'Tháng 12') xuất hiện lặp lại ở nhiều bảng dữ liệu — có cần giữ lại để tương thích báo cáo cũ, hay bỏ hẳn và tính trực tiếp từ Created bằng công thức/view? | C4: CHAM_DIEM_POP, LOI_TRUNG_BAY_POP, KIEM_TRA_VMD, KIEM_TRA_VMD_CHI_TIET, CHAM_DIEM_VMD, CHAM_DIEM_VMD_CHI_TIET
A5: 4 | B5: Email thông báo: Sport dùng chung email với Inner, Stationery dùng chung email với Multimedia ở app cũ — đây là chủ ý nghiệp vụ hay là lỗi cấu hình cần sửa khi thiết lập THONG_TIN_QUAY_HANG.Email? | C5: THONG_TIN_QUAY_HANG, THONG_TIN_QUAY_HANG_VMD
A6: 5 | B6: Cơ chế xóa liên quan (cascade delete) giữa bảng cha/con: nên tiếp tục dùng RemoveIf trong Power Apps, hay chuyển sang Power Automate Flow / trigger ở tầng Dataverse để đảm bảo toàn vẹn dữ liệu khi khối lượng lớn? | C6: LOI_TRUNG_BAY_POP, KIEM_TRA_VMD_CHI_TIET, CHAM_DIEM_VMD_CHI_TIET
A7: 6 | B7: Danh mục trạng thái 'Đang mượn / Đã trả / Hư hỏng / Thiếu' của Mượn-Trả vật tư có áp dụng đúng cho Quản lý trang trí, hay module này cần một danh mục trạng thái riêng phù hợp nghiệp vụ thi công/trang trí hơn? | C7: PHIEU_TRANG_TRI, DANH_MUC_TRANG_THAI_MUON_TRA
A8: 7 | B8: Danh sách đầy đủ 37 vai trò (Role) và mapping Role → Quầy hàng → Email hiện chỉ thấy một phần trong tài liệu gốc (một số bảng bị lược bớt '•••'). Đề nghị khách hàng cung cấp danh sách đầy đủ để nhập liệu chính xác cho DANH_MUC_VAI_TRO và THONG_TIN_QUAY_HANG. | C8: DANH_MUC_VAI_TRO, THONG_TIN_QUAY_HANG, THONG_TIN_QUAY_HANG_VMD
A9: 8 | B9: Khối lượng dữ liệu dự kiến (số phiên chấm điểm/kiểm tra mỗi tháng, số năm lưu trữ) — nếu vượt ngưỡng ~5.000-2.000.000 dòng/list hoặc cần filter phức tạp không delegable, nên cân nhắc Dataverse thay vì SharePoint Online để tránh giới hạn hiệu năng. | C9: Toàn bộ các bảng giao dịch (CHAM_DIEM_POP, LOI_TRUNG_BAY_POP, KIEM_TRA_VMD*, CHAM_DIEM_VMD*, PHIEU_MUON_TRA, PHIEU_TRANG_TRI)
A10: 9 | B10: Trường 'Điểm của [Khu vực]' hiển thị dấu trừ ở app cũ chỉ là format hiển thị (không phải giá trị lưu thực). Khi rebuild, có cần lưu giá trị âm thực sự trong Diem hay vẫn lưu dương và xử lý hiển thị ở tầng UI? | C10: CHAM_DIEM_VMD_CHI_TIET, LOI_TRUNG_BAY_POP
